Species,NA_snake_ranges_RDB,US_snake_table_data,Matched Locations,No match with US_ST
Agkistrodon conanti,"Alabama, Arkansas, Florida, Georgia, Illinois, Louisiana, Mississippi, Oklahoma, Texas","Georgia, Florida","Florida, Georgia","Alabama, Arkansas, Illinois, Louisiana, Mississippi, Oklahoma, Texas"
Agkistrodon contortrix,"Alabama, Arkansas, Connecticut, Delaware, District of Columbia, Florida, Georgia, Illinois, Indiana, Iowa, Kansas, Kentucky, Louisiana, Maryland, Mississippi, Missouri, Nebraska, New Jersey, New York, North Carolina, Ohio, Oklahoma, Pennsylvania, South Carolina, Tennessee, Texas, Virginia, West Virginia","West Virginia, Iowa, Arkansas, Pennsylvania, Texas, Tennessee, Indiana, Chihuahua, New Jersey, Missouri, Kentucky, Louisiana, Virginia, Massachusetts, North Carolina, Florida, Connecticut, Ohio, Georgia, South Carolina, Maryland, New York, Alabama, Coahuila, Mississippi, Delaware, Illinois, Nebraska, Oklahoma, Kansas","Alabama, Arkansas, Connecticut, Delaware, Florida, Georgia, Illinois, Indiana, Iowa, Kansas, Kentucky, Louisiana, Maryland, Mississippi, Missouri, Nebraska, New Jersey, New York, North Carolina, Ohio, Oklahoma, Pennsylvania, South Carolina, Tennessee, Texas, Virginia, West Virginia",District of Columbia
Agkistrodon laticinctus,"Arkansas, Kansas, Missouri, Nebraska, Oklahoma, Texas","Texas, Chihuahua, Oklahoma, Coahuila, Kansas","Kansas, Oklahoma, Texas","Arkansas, Missouri, Nebraska"
Agkistrodon piscivorus,"Alabama, Arkansas, Florida, Georgia, Illinois, Indiana, Kansas, Kentucky, Louisiana, Mississippi, Missouri, North Carolina, Oklahoma, South Carolina, Tennessee, Texas, Virginia","Georgia, Kentucky, South Carolina, Arkansas, Illinois, Texas, Tennessee, Louisiana, Indiana, Kansas, Alabama, Virginia, Oklahoma, North Carolina, Florida, Mississippi, Missouri","Alabama, Arkansas, Florida, Georgia, Illinois, Indiana, Kansas, Kentucky, Louisiana, Mississippi, Missouri, North Carolina, Oklahoma, South Carolina, Tennessee, Texas, Virginia",
Arizona elegans,"Arizona, California, Colorado, Kansas, Nebraska, Nevada, New Mexico, Oklahoma, Texas, Utah","Tamaulipas, Texas, Sinaloa, Durango, Chihuahua, Sonora, Baja California, New Mexico, Colorado, Utah, Coahuila, San Luis PotosÃ­Â­, Arizona, Nebraska, Nevada, Kansas, Oklahoma, California, Aguascalientes","Arizona, California, Colorado, Kansas, Nebraska, Nevada, New Mexico, Oklahoma, Texas, Utah",
Bogertophis subocularis,"New Mexico, Texas","Texas, New Mexico,Nuevo LeÃ³n, Durango, Chihuahua, Coahuila","New Mexico, Texas",
Carphophis amoenus,"Alabama, Arkansas, Connecticut, Delaware, District of Columbia, Georgia, Illinois, Indiana, Kentucky, Louisiana, Maryland, Massachusetts, Mississippi, Missouri, New Jersey, New York, North Carolina, Ohio, Pennsylvania, Rhode Island, South Carolina, Tennessee, Virginia, West Virginia","West Virginia, Arkansas, Pennsylvania, Tennessee, Indiana, New Jersey, Missouri, Kentucky, Louisiana, Virginia, North Carolina, Connecticut, Ohio, Georgia, South Carolina, Maryland, New York, Alabama, Mississippi, Delaware, Illinois, Nebraska","Alabama, Arkansas, Connecticut, Delaware, Georgia, Illinois, Indiana, Kentucky, Louisiana, Maryland, Mississippi, Missouri, New Jersey, New York, North Carolina, Ohio, Pennsylvania, South Carolina, Tennessee, Virginia, West Virginia","District of Columbia, Massachusetts, Rhode Island"
Carphophis vermis,"Arkansas, Illinois, Iowa, Kansas, Louisiana, Missouri, Nebraska, Oklahoma, Texas, Wisconsin","Iowa, Wisconsin, Arkansas, Nebraska, Texas, Louisiana, Oklahoma, Kansas, Missouri","Arkansas, Iowa, Kansas, Louisiana, Missouri, Nebraska, Oklahoma, Texas, Wisconsin",Illinois
Cemophora coccinea,"Alabama, Arkansas, Delaware, District of Columbia, Florida, Georgia, Illinois, Indiana, Kentucky, Louisiana, Maryland, Mississippi, Missouri, North Carolina, Oklahoma, South Carolina, Tennessee, Texas, Virginia","Arkansas, Texas, Tennessee, Indiana, New Jersey, Missouri, Kentucky, Louisiana, Virginia, North Carolina, Florida, Georgia, South Carolina, Maryland, Alabama, Mississippi, Delaware, Illinois, Oklahoma","Alabama, Arkansas, Delaware, Florida, Georgia, Illinois, Indiana, Kentucky, Louisiana, Maryland, Mississippi, Missouri, North Carolina, Oklahoma, South Carolina, Tennessee, Texas, Virginia",District of Columbia
Cemophora lineri,Texas,Texas,Texas,
Charina bottae,"California, Idaho, Montana, Nevada, Oregon, Utah, Washington, Wyoming, Alberta, British Columbia","California, Washington, Nevada, Wyoming, British Columbia, Montana, Utah, Oregon, Idaho","California, Idaho, Montana, Nevada, Oregon, Utah, Washington, Wyoming, British Columbia",Alberta
Charina umbratica,California,California,California,
Clonophis kirtlandii,"Illinois, Indiana, Kentucky, Michigan, Missouri, Ohio, Pennsylvania","Ohio, Kentucky, Illinois, Pennsylvania, Tennessee, Indiana, Michigan","Illinois, Indiana, Kentucky, Michigan, Ohio, Pennsylvania",Missouri
Coluber constrictor,"Alabama, Arizona, Arkansas, California, Colorado, Connecticut, Delaware, District of Columbia, Florida, Georgia, Idaho, Illinois, Indiana, Iowa, Kansas, Kentucky, Louisiana, Maine, Maryland, Massachusetts, Michigan, Minnesota, Mississippi, Missouri, Montana, Nebraska, Nevada, New Hampshire, New Jersey, New Mexico, New York, North Carolina, North Dakota, Ohio, Oklahoma, Oregon, Pennsylvania, Rhode Island, South Carolina, South Dakota, Tennessee, Texas, Utah, Vermont, Virginia, Washington, West Virginia, Wisconsin, Wyoming, Saskatchewan, Alberta, British Columbia, Great Lakes","West Virginia, Iowa, Arkansas, Wisconsin, Tamaulipas, Pennsylvania, Colima, Texas, Tennessee, Wyoming, Indiana, Durango, Veracruz, New Jersey, Oregon, Missouri, Rhode Island, Kentucky, oaxaca, Washington, Vermont, Oaxaca, South Dakota, Louisiana, Minnesota, Virginia, Massachusetts, North Carolina, Michigan, Florida, Connecticut, Ohio, Georgia, South Carolina, Maryland, Saskatchewan, New York, Hidalgo, New Mexico,Nuevo LeÃ³n, Colorado, Alabama, Montana, Utah, Maine, North Dakota, Coahuila, Mississippi, San Luis PotosÃ­Â­, Ontario, Illinois, Chiapas, Arizona, Nebraska, British Columbia, Oklahoma, New Hampshire, California, Idaho, Kansas","Alabama, Arizona, Arkansas, California, Colorado, Connecticut, Columbia, Florida, Georgia, Idaho, Illinois, Indiana, Iowa, Kansas, Kentucky, Louisiana, Maine, Maryland, Massachusetts, Michigan, Minnesota, Mississippi, Missouri, Montana, Nebraska, New Hampshire, New Jersey, New Mexico, New York, North Carolina, North Dakota, Ohio, Oklahoma, Oregon, Pennsylvania, Rhode Island, South Carolina, South Dakota, Tennessee, Texas, Utah, Vermont, Virginia, Washington, West Virginia, Wisconsin, Wyoming, Saskatchewan, British Columbia","Delaware, District, of, Nevada, Alberta, Great Lakes"
Coniophanes imperialis,Texas,"Quintana Roo, Tamaulipas, Hidalgo, Chiapas, Texas, Oaxaca,Nuevo LeÃ³n, Guerrero, Campeche, Puebla, Veracruz, San Luis PotosÃ­Â­",Texas,
Contia longicaudae,"California, Oregon","California, Oregon","California, Oregon",
Contia tenuis,"California, Oregon, Washington, British Columbia","Washington, Oregon, British Columbia, California","California, Oregon, Washington, British Columbia",
Crotalus adamanteus,"Alabama, Florida, Georgia, Louisiana, Mississippi, North Carolina, South Carolina","Georgia, South Carolina, Louisiana, Alabama, North Carolina, Florida, Mississippi","Alabama, Florida, Georgia, Louisiana, Mississippi, North Carolina, South Carolina",
Crotalus atrox,"Arizona, Arkansas, California, Kansas, Nevada, New Mexico, Oklahoma, Texas","Tamaulipas, Arkansas, Texas, Sinaloa, Durango, Chihuahua, Veracruz, Sonora, Oaxaca, Hidalgo, Baja California, New Mexico, Jalisco, Zacatecas, Coahuila, Guanajuato, Arizona, Nevada, Oklahoma, California, Aguascalientes","Arizona, Arkansas, California, Nevada, New Mexico, Oklahoma, Texas",Kansas
Crotalus cerastes,"Arizona, California, Nevada, Utah","Baja California, Arizona, Sonora, Nevada, Utah, California","Arizona, California, Nevada, Utah",
Crotalus cerberus,"Arizona, California","New Mexico, Arizona",Arizona,California
Crotalus horridus,"Alabama, Arkansas, Connecticut, Florida, Georgia, Illinois, Indiana, Iowa, Kansas, Kentucky, Louisiana, Maryland, Massachusetts, Minnesota, Mississippi, Missouri, Nebraska, New Hampshire, New Jersey, New York, North Carolina, Ohio, Oklahoma, Pennsylvania, Rhode Island, South Carolina, Tennessee, Texas, Vermont, Virginia, West Virginia, Wisconsin, Great Lakes, Ontario","West Virginia, Iowa, Arkansas, Wisconsin, Pennsylvania, Texas, Tennessee, Indiana, New Jersey, Missouri, Rhode Island, Kentucky, Vermont, Louisiana, Minnesota, Virginia, Massachusetts, North Carolina, Florida, Connecticut, Ohio, Georgia, South Carolina, Maryland, New York, Alabama, Mississippi, Ontario, Illinois, Nebraska, Oklahoma, New Hampshire, Kansas","Alabama, Arkansas, Connecticut, Florida, Georgia, Illinois, Indiana, Iowa, Kansas, Kentucky, Louisiana, Maryland, Massachusetts, Minnesota, Mississippi, Missouri, Nebraska, New Hampshire, New Jersey, New York, North Carolina, Ohio, Oklahoma, Pennsylvania, Rhode Island, South Carolina, Tennessee, Texas, Vermont, Virginia, West Virginia, Wisconsin, Ontario",Great Lakes
Crotalus lepidus,"Arizona, New Mexico, Texas","Tamaulipas, Texas, New Mexico, Arizona, Sinaloa, Jalisco,Nuevo LeÃ³n, Sonora, Durango, Chihuahua, Zacatecas, Nayarit, Coahuila, Aguascalientes, San Luis PotosÃ­Â­","Arizona, New Mexico, Texas",
Crotalus molossus,"Arizona, California, New Mexico, Texas","Tamaulipas, Texas, Sinaloa, Durango, Chihuahua, Veracruz, Oaxaca, Sonora, Nayarit, Hidalgo, New Mexico,Nuevo LeÃ³n, Jalisco, Zacatecas, Coahuila, Puebla, San Luis PotosÃ­Â­, Guanajuato, Tlaxcala, Arizona, Morelos, Aguascalientes","Arizona, New Mexico, Texas",California
Crotalus oreganus,"Arizona, California, Colorado, Idaho, Nevada, New Mexico, Oregon, Utah, Washington, Wyoming, British Columbia","Oregon, Washington, Baja California, Arizona, Nevada, Colorado, British Columbia, Montana, California","Arizona, California, Colorado, Nevada, Oregon, Washington, British Columbia","Idaho, New Mexico, Utah, Wyoming"
Crotalus ornatus,"New Mexico, Texas","New Mexico, Texas, Chihuahua,Nuevo LeÃ³n","New Mexico, Texas",
Crotalus pricei,Arizona,"Tamaulipas, Arizona, Sonora, Jalisco, Sinaloa, Durango, Chihuahua, Zacatecas, Nayarit, Coahuila, Aguascalientes, San Luis PotosÃ­Â­",Arizona,
Crotalus pyrrhus,"Arizona, California, Nevada, Utah","Baja California, Arizona, Sonora, Nevada, Utah, California","Arizona, California, Nevada, Utah",
Crotalus ruber,California,"Baja California, California",California,
Crotalus scutulatus,"Arizona, California, Nevada, New Mexico, Texas, Utah","Tamaulipas, Texas, Durango, Chihuahua, Veracruz, Sonora, Hidalgo, New Mexico, Jalisco, Zacatecas, Utah, Coahuila, Puebla, Guanajuato, Tlaxcala, Arizona, Nevada, California, Aguascalientes","Arizona, California, Nevada, New Mexico, Texas, Utah",
Crotalus stephensi,"California, Nevada","California, Nevada","California, Nevada",
Crotalus tigris,"Arizona, New Mexico","Arizona, Sonora",Arizona,New Mexico
Crotalus viridis,"Arizona, Colorado, Idaho, Iowa, Kansas, Montana, Nebraska, New Mexico, North Dakota, Oklahoma, South Dakota, Texas, Utah, Wyoming, Saskatchewan, Alberta","Iowa, Alberta, Texas, Chihuahua, Missouri, Sonora, South Dakota, Saskatchewan, New Mexico, Colorado, Montana, Utah, North Dakota, Coahuila, Nebraska, Arizona, Oklahoma, Idaho, Kansas","Arizona, Colorado, Idaho, Iowa, Kansas, Montana, Nebraska, New Mexico, North Dakota, Oklahoma, South Dakota, Texas, Utah, Saskatchewan, Alberta",Wyoming
Crotalus willardi,"Arizona, New Mexico","Hidalgo, New Mexico, Arizona, Sonora, Durango, Chihuahua, Zacatecas","Arizona, New Mexico",
Diadophis punctatus,"Alabama, Arizona, Arkansas, California, Colorado, Connecticut, Delaware, District of Columbia, Florida, Georgia, Idaho, Illinois, Indiana, Iowa, Kansas, Kentucky, Louisiana, Maine, Maryland, Massachusetts, Michigan, Minnesota, Mississippi, Missouri, Nebraska, Nevada, New Hampshire, New Jersey, New Mexico, New York, North Carolina, Ohio, Oklahoma, Oregon, Pennsylvania, Rhode Island, South Carolina, South Dakota, Tennessee, Texas, Utah, Vermont, Virginia, Washington, West Virginia, Wisconsin, Wyoming, Nova Scotia, New Brunswick, Quebec, Great Lakes, Ontario","West Virginia, Iowa, Arkansas, Wisconsin, Pennsylvania, Texas, Tennessee, Sinaloa, Indiana, Durango, Chihuahua, Veracruz, New Jersey, Oregon, Missouri, Rhode Island, Kentucky, Vermont, Sonora, South Dakota, Louisiana, Minnesota, Virginia, Massachusetts, Aguascalientes, North Carolina, Michigan, Nayarit, Florida, Connecticut, Ohio, Georgia, South Carolina, Maryland, New York, Hidalgo, Baja California, New Mexico,Nuevo LeÃ³n, Jalisco, Quebec, Colorado, Alabama, Maine, Utah, Coahuila, Mississippi, San Luis PotosÃ­Â­, Ontario, Guanajuato, Illinois, Arizona, Nebraska, Nova Scotia, Oklahoma, New Hampshire, California, Idaho, New Brunswick, Kansas","Alabama, Arizona, Arkansas, California, Colorado, Connecticut, Florida, Georgia, Idaho, Illinois, Indiana, Iowa, Kansas, Kentucky, Louisiana, Maine, Maryland, Massachusetts, Michigan, Minnesota, Mississippi, Missouri, Nebraska, New Hampshire, New Jersey, New Mexico, New York, North Carolina, Ohio, Oklahoma, Oregon, Pennsylvania, Rhode Island, South Carolina, South Dakota, Tennessee, Texas, Utah, Vermont, Virginia, West Virginia, Wisconsin, Nova Scotia, New Brunswick, Quebec, Ontario","Delaware, District of Columbia, Nevada, Washington, Wyoming, Great Lakes"
Drymarchon couperi,"Florida, Georgia","Georgia, South Carolina, Alabama, Florida, Mississippi","Florida, Georgia",
Drymobius margaritiferus,Texas,"Quintana Roo, Tamaulipas, Hidalgo, Chiapas, Texas, Oaxaca,Nuevo LeÃ³n, Jalisco, Sinaloa, Sonora, San Luis PotosÃ­Â­, Campeche, Chihuahua, Guerrero, Morelos, Veracruz, Nayarit, Puebla",Texas,
Farancia abacura,"Alabama, Arkansas, Florida, Georgia, Illinois, Indiana, Kentucky, Louisiana, Mississippi, Missouri, North Carolina, Oklahoma, South Carolina, Tennessee, Texas, Virginia","Georgia, Kentucky, South Carolina, Arkansas, Illinois, Texas, Tennessee, Louisiana, Virginia, Alabama, North Carolina, Florida, Mississippi, Missouri","Alabama, Arkansas, Florida, Georgia, Illinois, Kentucky, Louisiana, Mississippi, Missouri, North Carolina, South Carolina, Tennessee, Texas, Virginia","Indiana, Oklahoma"
Farancia erytrogramma,"Alabama, District of Columbia, Florida, Georgia, Louisiana, Maryland, Mississippi, North Carolina, South Carolina, Virginia","Georgia, South Carolina, Maryland, Louisiana, Virginia, Alabama, North Carolina, Florida, Mississippi","Alabama, Florida, Georgia, Louisiana, Maryland, Mississippi, North Carolina, South Carolina, Virginia",District of Columbia
Ficimia streckeri,Texas,"Tamaulipas, Hidalgo, Texas, Veracruz,QuerÃ©taro, Puebla",Texas,
Gyalopion canum,"Arizona, New Mexico, Texas","Texas, New Mexico, Arizona, Sonora, Jalisco, Durango, Chihuahua, Zacatecas, Coahuila","Arizona, New Mexico, Texas",
Gyalopion quadrangulare,Arizona,"Arizona, Sonora, Sinaloa, Chihuahua, Nayarit",Arizona,
Heterodon kennerlyi,"Arizona, New Mexico, Texas","Tamaulipas, Arizona, New Mexico, Texas, Sonora,Nuevo LeÃ³n, Jalisco, Durango, Chihuahua, Zacatecas, Coahuila, Aguascalientes, San Luis PotosÃ­Â­","Arizona, New Mexico, Texas",
Heterodon nasicus,"Colorado, Illinois, Iowa, Kansas, Kentucky, Minnesota, Missouri, Montana, Nebraska, New Mexico, North Dakota, Oklahoma, South Dakota, Texas, Wisconsin, Wyoming, Manitoba, Saskatchewan, Alberta","Iowa, Saskatchewan, Alberta, Illinois, Nebraska, New Mexico, Texas, South Dakota, Manitoba, Wyoming, Colorado, Minnesota, Montana, Oklahoma, North Dakota, Kansas","Colorado, Illinois, Iowa, Kansas, Minnesota, Montana, Nebraska, New Mexico, North Dakota, Oklahoma, South Dakota, Texas, Wyoming, Manitoba, Saskatchewan, Alberta","Kentucky, Missouri, Wisconsin"
Heterodon platirhinos,"Alabama, Arkansas, Connecticut, Delaware, District of Columbia, Florida, Georgia, Illinois, Indiana, Iowa, Kansas, Kentucky, Louisiana, Maryland, Massachusetts, Michigan, Minnesota, Mississippi, Missouri, Nebraska, New Hampshire, New Jersey, New York, North Carolina, Ohio, Oklahoma, Pennsylvania, Rhode Island, South Carolina, South Dakota, Tennessee, Texas, Virginia, West Virginia, Wisconsin, Great Lakes, Ontario","West Virginia, Iowa, Arkansas, Wisconsin, Pennsylvania, Texas, Tennessee, Indiana, New Jersey, Missouri, Kentucky, South Dakota, Louisiana, Minnesota, Virginia, Massachusetts, North Carolina, Michigan, Florida, Connecticut, Ohio, Georgia, South Carolina, Maryland, New York, New Mexico, Alabama, Mississippi, Ontario, Delaware, Illinois, Nebraska, Oklahoma, Kansas","Alabama, Arkansas, Connecticut, Delaware, Florida, Georgia, Illinois, Indiana, Iowa, Kansas, Kentucky, Louisiana, Maryland, Massachusetts, Michigan, Minnesota, Mississippi, Missouri, Nebraska, New Jersey, New York, North Carolina, Ohio, Oklahoma, Pennsylvania, South Carolina, South Dakota, Tennessee, Texas, Virginia, West Virginia, Wisconsin, Ontario","District of Columbia, New Hampshire, Rhode Island, Great Lakes"
Heterodon simus,"Alabama, Florida, Georgia, Louisiana, Mississippi, North Carolina, South Carolina","Georgia, South Carolina, Alabama, North Carolina, Florida, Mississippi","Alabama, Florida, Georgia, Mississippi, North Carolina, South Carolina",Louisiana
Hypsiglena chlorophaea,"Arizona, California, Colorado, Idaho, Nevada, New Mexico, Oregon, Utah, Washington, British Columbia","Oregon, Washington, Baja California, Arizona, Sonora, Nevada, Sinaloa, Colorado, New Mexico, British Columbia, Chihuahua, Utah, California, Idaho, Kansas","Arizona, California, Colorado, Idaho, Nevada, New Mexico, Oregon, Utah, Washington, British Columbia",
Hypsiglena jani,"Arizona, Colorado, Kansas, New Mexico, Oklahoma, Texas","Tamaulipas, Guanajuato, Hidalgo, Texas, Arizona, New Mexico, Colorado, Durango, Chihuahua, Zacatecas, Oklahoma, Aguascalientes, Coahuila,QuerÃ©taro, Kansas","Arizona, Colorado, Kansas, New Mexico, Oklahoma, Texas",
Hypsiglena ochrorhynchus,California,"Baja California, California, Nevada",California,
Lampropeltis alterna,"New Mexico, Texas","Texas, Durango, Chihuahua, Zacatecas, Coahuila",Texas,New Mexico
Lampropeltis annulata,Texas,"Tamaulipas, Guanajuato, Hidalgo, Texas,Nuevo LeÃ³n, Coahuila,QuerÃ©taro, San Luis PotosÃ­Â­",Texas,
Lampropeltis californiae,"Arizona, California, Colorado, Nevada, New Mexico, Oregon, Utah","Oregon, Baja California, Arizona, Sonora, Nevada, Sinaloa, Utah, California","Arizona, California, Nevada, Oregon, Utah","Colorado, New Mexico"
Lampropeltis calligaster,"Alabama, Arkansas, District of Columbia, Florida, Georgia, Illinois, Indiana, Iowa, Kansas, Kentucky, Louisiana, Maryland, Mississippi, Missouri, Nebraska, North Carolina, Oklahoma, South Carolina, Tennessee, Texas, Virginia, West Virginia","Kentucky, Iowa, Arkansas, Illinois, Texas, Tennessee, Louisiana, Indiana, Alabama, Oklahoma, Missouri","Alabama, Arkansas, Illinois, Indiana, Iowa, Kentucky, Louisiana, Missouri, Oklahoma, Tennessee, Texas","District of Columbia, Florida, Georgia, Kansas, Maryland, Mississippi, Nebraska, North Carolina, South Carolina, Virginia, West Virginia"
Lampropeltis elapsoides,"Alabama, Florida, Georgia, Kentucky, Louisiana, Mississippi, North Carolina, South Carolina, Tennessee, Virginia","Georgia, Kentucky, South Carolina, Tennessee, Virginia, Alabama, North Carolina, Florida, Mississippi","Alabama, Florida, Georgia, Kentucky, Mississippi, North Carolina, South Carolina, Tennessee, Virginia",Louisiana
Lampropeltis extenuata,Florida,Florida,Florida,
Lampropeltis getula,"Alabama, Delaware, District of Columbia, Florida, Georgia, Maryland, New Jersey, North Carolina, Pennsylvania, South Carolina, Tennessee, Virginia, West Virginia","Georgia, South Carolina, Maryland, West Virginia, Delaware, Louisiana, Colorado, Virginia, Alabama, North Carolina, New Jersey, Florida","Alabama, Delaware, Florida, Georgia, Maryland, New Jersey, North Carolina, South Carolina, Virginia, West Virginia","District of Columbia, Pennsylvania, Tennessee"
Lampropeltis holbrooki,"Arkansas, Colorado, Illinois, Iowa, Kansas, Kentucky, Louisiana, Mississippi, Missouri, Nebraska, New Mexico, Oklahoma, Tennessee, Texas","Kentucky, Iowa, Arkansas, Nebraska, Texas, Louisiana, Alabama, Oklahoma, Mississippi, Missouri","Arkansas, Iowa, Kentucky, Louisiana, Mississippi, Missouri, Nebraska, Oklahoma, Texas","Colorado, Illinois, Kansas, New Mexico, Tennessee"
Lampropeltis knoblochi,"Arizona, New Mexico","Arizona, Chihuahua, Sonora",Arizona,New Mexico
Lampropeltis nigra,"Alabama, Arkansas, Georgia, Illinois, Indiana, Iowa, Kentucky, Louisiana, Mississippi, Missouri, North Carolina, Ohio, Tennessee, Virginia, West Virginia","Ohio, Kentucky, West Virginia, Illinois, Tennessee, Indiana, Alabama, Mississippi, Missouri","Alabama, Illinois, Indiana, Kentucky, Mississippi, Missouri, Ohio, Tennessee, Virginia, West Virginia","Arkansas, Georgia, Iowa, Louisiana, North Carolina"
Lampropeltis pyromelana,"Arizona, Nevada, New Mexico, Utah","New Mexico, Arizona, Nevada, Utah","Arizona, Nevada, New Mexico, Utah",
Lampropeltis splendida,"Arizona, New Mexico, Texas","Tamaulipas, Arizona, New Mexico, Texas,Nuevo LeÃ³n, Colorado, Sonora, Durango, Chihuahua, Coahuila","Arizona, New Mexico, Texas",
Lampropeltis triangulum,"Alabama, Arizona, Arkansas, Colorado, Connecticut, Delaware, District of Columbia, Georgia, Illinois, Indiana, Iowa, Kansas, Kentucky, Louisiana, Maine, Maryland, Massachusetts, Michigan, Minnesota, Mississippi, Missouri, Montana, Nebraska, New Hampshire, New Jersey, New Mexico, New York, North Carolina, Ohio, Oklahoma, Pennsylvania, Rhode Island, South Carolina, South Dakota, Tennessee, Texas, Utah, Vermont, Virginia, West Virginia, Wisconsin, Wyoming, Quebec, Great Lakes, Ontario","West Virginia, Iowa, Arkansas, Wisconsin, Pennsylvania, Texas, Tennessee, Wyoming, Indiana, New Jersey, Missouri, Rhode Island, Kentucky, Vermont, South Dakota, Louisiana, Minnesota, Virginia, Massachusetts, North Carolina, Michigan, Connecticut, Ohio, Georgia, South Carolina, Maryland, New York, New Mexico, Quebec, Colorado, Alabama, Maine, Montana, North Dakota, Utah, Coahuila, Mississippi, Ontario, Illinois, Nebraska, Arizona, Oklahoma, New Hampshire, Kansas","Alabama, Arizona, Arkansas, Colorado, Connecticut, Georgia, Illinois, Indiana, Iowa, Kansas, Kentucky, Louisiana, Maine, Maryland, Massachusetts, Michigan, Minnesota, Mississippi, Missouri, Montana, Nebraska, New Hampshire, New Jersey, New Mexico, New York, North Carolina, Ohio, Oklahoma, Pennsylvania, Rhode Island, South Carolina, South Dakota, Tennessee, Texas, Utah, Vermont, Virginia, West Virginia, Wisconsin, Wyoming, Quebec, Ontario","Delaware, District of Columbia, Great Lakes"
Lampropeltis zonata,"California, Oregon","Baja California, Washington, Oregon, California","California, Oregon",
Leptodeira septentrionalis,Texas,"Quintana Roo, Tamaulipas, Guanajuato, Colima, Chiapas, Texas, Oaxaca, Guerrero, Jalisco, Campeche, Veracruz, Nayarit, Coahuila, Puebla",Texas,
Lichanura orcutti,"Arizona, California","Colorado, California, Arizona","Arizona, California",
Lichanura trivirgata,Arizona,"Baja California, California, Arizona, Sonora",Arizona,
Liodytes alleni,"Alabama, Florida, Georgia","Georgia, Florida","Florida, Georgia",Alabama
Liodytes rigida,"Alabama, Arkansas, Florida, Georgia, Louisiana, Mississippi, North Carolina, Oklahoma, South Carolina, Texas","Georgia, South Carolina, Arkansas, Texas, Louisiana, Virginia, Alabama, Oklahoma, North Carolina, Florida, Mississippi","Alabama, Arkansas, Florida, Georgia, Louisiana, Mississippi, North Carolina, Oklahoma, South Carolina, Texas",
Masticophis bilineatus,"Arizona, New Mexico","New Mexico, Arizona, Sonora, Sinaloa, Jalisco, Durango, Chihuahua, Nayarit, California, Aguascalientes","Arizona, New Mexico",
Masticophis flagellum,"Alabama, Arizona, Arkansas, California, Colorado, Florida, Georgia, Kansas, Louisiana, Mississippi, Missouri, Nebraska, Nevada, New Mexico, North Carolina, Oklahoma, South Carolina, Tennessee, Texas","Tamaulipas, Arkansas, Texas, Tennessee, Sinaloa, Durango, Chihuahua, Veracruz, Missouri, Sonora, Aguascalientes, Louisiana, North Carolina, Florida, Georgia, South Carolina, Hidalgo, Baja California, New Mexico,Nuevo LeÃ³n, Jalisco, Colorado, Alabama, Zacatecas, Utah, Coahuila, Mississippi, Guanajuato, Illinois, Arizona, Nebraska, Nevada, Oklahoma, California, Kansas","Alabama, Arizona, Arkansas, California, Colorado, Florida, Georgia, Kansas, Louisiana, Mississippi, Missouri, Nebraska, Nevada, New Mexico, North Carolina, Oklahoma, South Carolina, Tennessee, Texas",
Masticophis fuliginosus,California,"Baja California, California",California,
Masticophis lateralis,"California, Nevada","Baja California, California, CAlifornia",California,Nevada
Masticophis schotti,Texas,"Tamaulipas, Guanajuato, Hidalgo, Texas,Nuevo LeÃ³n, Veracruz, Coahuila",Texas,
Masticophis taeniatus,"Arizona, California, Colorado, Idaho, Nevada, New Mexico, Oregon, Texas, Utah, Washington, Wyoming","California, Tamaulipas, Washington, Hidalgo, Arizona, New Mexico, Nevada, Texas, Colorado, Jalisco, Durango, Chihuahua, Utah, Oregon, Coahuila,QuerÃ©taro, Aguascalientes","Arizona, California, Colorado, Nevada, New Mexico, Oregon, Texas, Utah, Washington","Idaho, Wyoming"
Micruroides euryxanthus,"Arizona, California, New Mexico, Texas","New Mexico, Arizona, Sonora, Jalisco, Sinaloa, Chihuahua, Nayarit","Arizona, New Mexico","California, Texas"
Micrurus fulvius,"Alabama, Florida, Georgia, Louisiana, Mississippi, North Carolina, South Carolina, Texas","Georgia, South Carolina, Arkansas, Texas, Louisiana, Alabama, North Carolina, Florida, Mississippi","Alabama, Florida, Georgia, Louisiana, Mississippi, North Carolina, South Carolina, Texas",
Micrurus tener,"Arkansas, Louisiana, Oklahoma, Texas","Tamaulipas, Arkansas, Guanajuato, Hidalgo, Texas,Nuevo LeÃ³n, Louisiana, Morelos, San Luis PotosÃ­Â­, Durango, Veracruz, Coahuila, Puebla","Arkansas, Louisiana, Texas",Oklahoma
Nerodia clarkii,"Alabama, Florida, Louisiana, Mississippi, Texas","Texas, Louisiana, Alabama, Florida, Mississippi","Alabama, Florida, Louisiana, Mississippi, Texas",
Nerodia cyclopion,"Alabama, Arkansas, Florida, Illinois, Kentucky, Louisiana, Mississippi, Missouri, Tennessee, Texas","Georgia, Kentucky, South Carolina, Arkansas, Illinois, Texas, Tennessee, Louisiana, Alabama, Florida, Mississippi, Missouri","Alabama, Arkansas, Florida, Illinois, Kentucky, Louisiana, Mississippi, Missouri, Tennessee, Texas",
Nerodia erythrogaster,"Alabama, Arkansas, Colorado, Delaware, Florida, Georgia, Illinois, Indiana, Iowa, Kansas, Kentucky, Louisiana, Maryland, Michigan, Mississippi, Missouri, New Mexico, North Carolina, Ohio, Oklahoma, South Carolina, Tennessee, Texas, Virginia","Iowa, Arkansas, Tamaulipas, Texas, Tennessee, Indiana, Durango, Chihuahua, Missouri, Louisiana, Virginia, North Carolina, Michigan, Florida, Ohio, Georgia, South Carolina, Maryland, New Mexico, Alabama, Zacatecas, Coahuila, Mississippi, Delaware, Illinois, Oklahoma, Kansas","Alabama, Arkansas, Delaware, Florida, Georgia, Illinois, Indiana, Iowa, Kansas, Louisiana, Maryland, Michigan, Mississippi, Missouri, New Mexico, North Carolina, Ohio, Oklahoma, South Carolina, Tennessee, Texas, Virginia","Colorado, Kentucky"
Nerodia fasciata,"Alabama, Arizona, Arkansas, California, Florida, Georgia, Illinois, Kentucky, Louisiana, Mississippi, Missouri, Nevada, New Mexico, North Carolina, Oklahoma, South Carolina, Tennessee, Texas, Virginia","Georgia, South Carolina, Arkansas, Illinois, Texas, Tennessee, Arizona, Louisiana, Alabama, Oklahoma, North Carolina, Florida, Mississippi, Missouri","Alabama, Arizona, Arkansas, Florida, Georgia, Illinois, Louisiana, Mississippi, Missouri, North Carolina, Oklahoma, South Carolina, Tennessee, Texas","California, Kentucky, Nevada, New Mexico, Virginia"
Nerodia floridana,"Alabama, Florida, Georgia, South Carolina","Georgia, Florida, Alabama, South Carolina","Alabama, Florida, Georgia, South Carolina",
Nerodia harteri,Texas,Texas,Texas,
Nerodia paucimaculata,Texas,"Colorado, Texas",Texas,
Nerodia rhombifer,"Alabama, Arkansas, Illinois, Indiana, Iowa, Kansas, Kentucky, Louisiana, Mississippi, Missouri, Nebraska, Oklahoma, Tennessee, Texas","Iowa, Arkansas, Tamaulipas, Texas, Tennessee, Indiana, Veracruz, Missouri, Louisiana, Tabasco, Hidalgo, Campeche, Alabama, Coahuila, Mississippi, San Luis PotosÃ­Â­, Puebla, Illinois, Chiapas, Oklahoma, Kansas","Alabama, Arkansas, Illinois, Indiana, Iowa, Kansas, Louisiana, Mississippi, Missouri, Oklahoma, Tennessee, Texas","Kentucky, Nebraska"
Nerodia sipedon,"Alabama, Arkansas, Colorado, Connecticut, Delaware, District of Columbia, Florida, Georgia, Illinois, Indiana, Iowa, Kansas, Kentucky, Louisiana, Maine, Maryland, Massachusetts, Michigan, Minnesota, Mississippi, Missouri, Nebraska, New Hampshire, New Jersey, New York, North Carolina, Ohio, Oklahoma, Pennsylvania, Rhode Island, South Carolina, South Dakota, Tennessee, Texas, Vermont, Virginia, West Virginia, Wisconsin, New Brunswick, Quebec, Great Lakes, Ontario","West Virginia, Iowa, Arkansas, Wisconsin, Pennsylvania, Texas, Tennessee, Indiana, New Jersey, Missouri, Kentucky, Vermont, Louisiana, Minnesota, Virginia, Massachusetts, North Carolina, Michigan, Florida, Connecticut, Ohio, Georgia, South Carolina, Maryland, New York, Quebec, Colorado, Alabama, Maine, Mississippi, Ontario, Delaware, Illinois, Nebraska, Oklahoma, New Hampshire, Kansas","Alabama, Arkansas, Colorado, Connecticut, Delaware, Florida, Georgia, Illinois, Indiana, Iowa, Kansas, Kentucky, Louisiana, Maine, Maryland, Massachusetts, Michigan, Minnesota, Mississippi, Missouri, Nebraska, New Hampshire, New Jersey, New York, North Carolina, Ohio, Oklahoma, Pennsylvania, South Carolina, South, Tennessee, Texas, Vermont, Virginia, West Virginia, Wisconsin, Quebec, Ontario","District of Columbia, Rhode Island, Dakota, Brunswick, Great Lakes"
Nerodia taxispilota,"Alabama, Florida, Georgia, North Carolina, South Carolina, Virginia","Georgia, South Carolina, Virginia, Alabama, North Carolina, Florida","Alabama, Florida, Georgia, North Carolina, South Carolina, Virginia",
Opheodrys aestivus,"Alabama, Arkansas, Delaware, District of Columbia, Florida, Georgia, Illinois, Indiana, Kansas, Kentucky, Louisiana, Maryland, Mississippi, Missouri, New Jersey, North Carolina, Ohio, Oklahoma, Pennsylvania, South Carolina, Tennessee, Texas, Virginia, West Virginia","West Virginia, Tamaulipas, Arkansas, Pennsylvania, Texas, Tennessee, Indiana, New Jersey, Missouri, Kentucky, Louisiana, Virginia, North Carolina, Florida, Ohio, Georgia, South Carolina, Maryland,Nuevo LeÃ³n, Alabama, Coahuila, Mississippi, Delaware, Illinois, Oklahoma, Kansas","Alabama, Arkansas, Delaware, Florida, Georgia, Illinois, Indiana, Kansas, Kentucky, Louisiana, Maryland, Mississippi, Missouri, New Jersey, North Carolina, Ohio, Oklahoma, Pennsylvania, South Carolina, Tennessee, Texas, Virginia, West Virginia",District of Columbia
Opheodrys vernalis,"Colorado, Connecticut, Illinois, Indiana, Iowa, Maine, Maryland, Massachusetts, Michigan, Minnesota, Missouri, Montana, Nebraska, New Hampshire, New Jersey, New Mexico, New York, North Dakota, Ohio, Pennsylvania, Rhode Island, South Dakota, Texas, Utah, Vermont, Virginia, West Virginia, Wisconsin, Wyoming, Nova Scotia, New Brunswick, Quebec, Manitoba, Saskatchewan, Prince Edward Island, Great Lakes, Ontario","West Virginia, Iowa, Wisconsin, Pennsylvania, Texas, Wyoming, Indiana, Chihuahua, New Jersey, Missouri, Vermont, South Dakota, Manitoba, Minnesota, Virginia, Massachusetts, Michigan, Connecticut, Ohio, Maryland, Saskatchewan, New York, New Mexico, Quebec, Colorado, Montana, Maine, North Dakota, Utah, Ontario, Illinois, Nebraska, Nova Scotia, Prince Edward Island, New Hampshire, New Brunswick, Kansas","Colorado, Connecticut, Illinois, Indiana, Iowa, Maine, Maryland, Massachusetts, Michigan, Minnesota, Missouri, Montana, Nebraska, New Hampshire, New Jersey, New Mexico, New York, North Dakota, Ohio, Pennsylvania, South Dakota, Texas, Utah, Vermont, Virginia, West Virginia, Wisconsin, Wyoming, Nova Scotia, New Brunswick, Quebec, Manitoba, Saskatchewan, Prince Edward Island, Ontario","Rhode Island, Great Lakes"
Pantherophis alleghaniensis,"Arkansas, Florida, Kansas, Louisiana, Mississippi, Oklahoma, Texas","Ohio, Georgia, South Carolina, Maryland, Ontario, New York, Wisconsin, Illinois, Pennsylvania, Vermont, Tennessee, Louisiana, Indiana, Virginia, North Carolina, Michigan, Florida, Mississippi","Florida, Louisiana, Mississippi","Arkansas, Kansas, Oklahoma, Texas"
Pantherophis bairdi,Texas,"Coahuila, Texas, Tamaulipas",Texas,
Pantherophis emoryi,"Arkansas, Colorado, Illinois, Kansas, Missouri, Nebraska, New Mexico, Oklahoma, Texas, Utah","Tamaulipas, Guanajuato, Illinois, Hidalgo, New Mexico, Texas, Jalisco, Colorado, Louisiana, Durango, Chihuahua, Veracruz, Oklahoma, Utah, Aguascalientes, Coahuila, Kansas, San Luis PotosÃ­Â­","Colorado, Illinois, Kansas, New Mexico, Oklahoma, Texas, Utah","Arkansas, Missouri, Nebraska"
Pantherophis guttatus,"Alabama, Arkansas, Delaware, District of Columbia, Florida, Georgia, Kentucky, Louisiana, Maryland, Mississippi, New Jersey, North Carolina, Pennsylvania, South Carolina, Tennessee, Texas, Virginia, West Virginia","Georgia, Kentucky, South Carolina, Maryland, West Virginia, Arkansas, Delaware, Nebraska, Tennessee, Texas, Louisiana, Virginia, Alabama, North Carolina, New Jersey, Florida, Mississippi","Alabama, Arkansas, Delaware, Florida, Georgia, Kentucky, Louisiana, Maryland, Mississippi, New Jersey, North Carolina, South Carolina, Tennessee, Texas, Virginia, West Virginia","District of Columbia, Pennsylvania"
Pantherophis obsoletus,"Alabama, Arkansas, Colorado, Connecticut, Delaware, District of Columbia, Florida, Georgia, Illinois, Indiana, Iowa, Kansas, Kentucky, Louisiana, Maryland, Massachusetts, Michigan, Minnesota, Mississippi, Missouri, Nebraska, New Jersey, New York, North Carolina, Ohio, Oklahoma, Pennsylvania, Rhode Island, South Carolina, Tennessee, Texas, Vermont, Virginia, West Virginia, Wisconsin, Great Lakes, Ontario","Iowa, Arkansas, Texas, Nebraska, Louisiana, Minnesota, Oklahoma, Mississippi, Kansas, Missouri","Arkansas, Iowa, Kansas, Louisiana, Minnesota, Mississippi, Missouri, Nebraska, Oklahoma, Texas","Alabama, Colorado, Connecticut, Delaware, District of Columbia, Florida, Georgia, Illinois, Indiana, Kentucky, Maryland, Massachusetts, Michigan, New Jersey, New York, North Carolina, Ohio, Pennsylvania, Rhode Island, South Carolina, Tennessee, Vermont, Virginia, West Virginia, Wisconsin, Great Lakes, Ontario"
Pantherophis ramspotti,"Illinois, Iowa, Kansas, Minnesota, Missouri, Nebraska, South Dakota, Wisconsin","Iowa, Nebraska, South Dakota, Minnesota, Mississippi, Missouri","Iowa, Minnesota, Missouri, Nebraska, South Dakota","Illinois, Kansas, Wisconsin"
Pantherophis vulpinus,"Illinois, Indiana, Iowa, Kansas, Michigan, Minnesota, Missouri, Nebraska, Ohio, South Dakota, Wisconsin, Great Lakes, Ontario","Ohio, Ontario, Wisconsin, Illinois, Indiana, Michigan, Mississippi, Missouri","Illinois, Indiana, Michigan, Missouri, Ohio, Wisconsin, Ontario","Iowa, Kansas, Minnesota, Nebraska, South Dakota, Great Lakes"
Phyllorhynchus browni,Arizona,"Arizona, Sonora, Sinaloa",Arizona,
Phyllorhynchus decurtatus,"Arizona, California, Nevada, Utah","Baja California, Arizona, Sonora, Nevada, Sinaloa, Utah, California","Arizona, California, Nevada, Utah",
Pituophis catenifer,"Arizona, Arkansas, California, Colorado, Idaho, Illinois, Indiana, Iowa, Kansas, Minnesota, Missouri, Montana, Nebraska, Nevada, New Mexico, North Dakota, Oklahoma, Oregon, South Dakota, Texas, Utah, Washington, Wisconsin, Wyoming, Saskatchewan, Alberta, British Columbia","Iowa, Wisconsin, Tamaulipas, Alberta, Texas, Sinaloa, Wyoming, Indiana, Durango, Chihuahua, Veracruz, Oregon, Missouri, Washington, Sonora, South Dakota, Minnesota, Saskatchewan, Hidalgo, Baja California, New Mexico,Nuevo LeÃ³n, Colorado, Zacatecas, Montana, Utah, North Dakota, Coahuila, San Luis PotosÃ­Â­, Illinois, Arizona, Nebraska, Nevada, Kansas, British Columbia, Oklahoma, California, Idaho, Aguascalientes","Arizona, California, Colorado, Idaho, Illinois, Indiana, Iowa, Kansas, Minnesota, Missouri, Montana, Nebraska, Nevada, New Mexico, North Dakota, Oklahoma, Oregon, South Dakota, Texas, Utah, Washington, Wisconsin, Wyoming, Saskatchewan, Alberta, British Columbia",Arkansas
Pituophis melanoleucus,"Alabama, Arkansas, Florida, Georgia, Kentucky, Louisiana, Mississippi, New Jersey, North Carolina, South Carolina, Tennessee, Virginia, West Virginia","Georgia, Kentucky, South Carolina, West Virginia, Tennessee, Louisiana, Virginia, Alabama, North Carolina, New Jersey, Florida, Mississippi","Alabama, Florida, Georgia, Kentucky, Louisiana, Mississippi, New Jersey, North Carolina, South Carolina, Tennessee, Virginia, West Virginia",Arkansas
Pituophis ruthveni,"Louisiana, Texas","Louisiana, Florida, Texas","Louisiana, Texas",
Regina grahamii,"Arkansas, Illinois, Indiana, Iowa, Kansas, Kentucky, Louisiana, Mississippi, Missouri, Nebraska, Oklahoma, Tennessee, Texas","Iowa, Arkansas, Illinois, Texas, Nebraska, Louisiana, Alabama, Oklahoma, Mississippi, Kansas, Missouri","Arkansas, Illinois, Iowa, Kansas, Louisiana, Mississippi, Missouri, Nebraska, Oklahoma, Texas","Indiana, Kentucky, Tennessee"
Regina septemvittata,"Alabama, Arkansas, Delaware, District of Columbia, Florida, Georgia, Illinois, Indiana, Kentucky, Louisiana, Maryland, Michigan, Mississippi, Missouri, New Jersey, New York, North Carolina, Ohio, Pennsylvania, South Carolina, Tennessee, Virginia, West Virginia, Wisconsin, Great Lakes, Ontario","West Virginia, Wisconsin, Arkansas, Pennsylvania, Tennessee, Indiana, Missouri, Kentucky, Virginia, North Carolina, Michigan, Florida, Ohio, Georgia, South Carolina, Maryland, New York, Alabama, Mississippi, Ontario, Delaware, Illinois","Alabama, Arkansas, Delaware, Florida, Georgia, Illinois, Indiana, Kentucky, Maryland, Michigan, Mississippi, Missouri, New York, North Carolina, Ohio, Pennsylvania, South Carolina, Tennessee, Virginia, West Virginia, Wisconsin, Ontario","District of Columbia, Louisiana, New Jersey, Great Lakes"
Rena dulcis,"New Mexico, Oklahoma, Texas","Tamaulipas, Hidalgo, Texas, New Mexico, Colorado, Puebla, Chihuahua, Veracruz, Oklahoma, Coahuila, San Luis PotosÃ­Â­","New Mexico, Oklahoma, Texas",
Rena humilis,"Arizona, California, Nevada, New Mexico, Utah","Washington, Baja California, Texas, New Mexico, Arizona, Nevada, Sonora, Jalisco, Durango, Chihuahua, Utah, Nayarit, California","Arizona, California, Nevada, New Mexico, Utah",
Rena segrega,"Arizona, New Mexico, Texas","Texas, New Mexico, Arizona,Nuevo LeÃ³n, Durango, Chihuahua, Coahuila, San Luis PotosÃ­Â­","Arizona, New Mexico, Texas",
Rhadinaea flavilata,"Alabama, Florida, Georgia, Louisiana, Mississippi, North Carolina, South Carolina","Georgia, South Carolina, Louisiana, Alabama, North Carolina, Florida, Mississippi","Alabama, Florida, Georgia, Louisiana, Mississippi, North Carolina, South Carolina",
Rhinocheilus lecontei,"Arizona, California, Colorado, Idaho, Kansas, Nevada, New Mexico, Oklahoma, Texas, Utah","Tamaulipas, Texas, Sinaloa, Durango, Chihuahua, Sonora, Baja California, New Mexico,Nuevo LeÃ³n, Colorado, Utah, Coahuila, San Luis PotosÃ­Â­, Arizona, Nevada, Kansas, Oklahoma, California, Idaho, Aguascalientes","Arizona, California, Colorado, Idaho, Kansas, Nevada, New Mexico, Oklahoma, Texas, Utah",
Salvadora deserticola,"Arizona, New Mexico, Texas","Texas, New Mexico, Arizona, Sonora, Sinaloa, Durango, Chihuahua, Coahuila","Arizona, New Mexico, Texas",
Salvadora grahamiae,"Arizona, New Mexico, Texas","Tamaulipas, Arizona, New Mexico, Texas, Sonora, Chihuahua, Veracruz, Coahuila","Arizona, New Mexico, Texas",
Salvadora hexalepis,"Arizona, California, Nevada, Utah","Baja California, Texas, New Mexico, Arizona, Nevada, Sonora, Sinaloa, Chihuahua, Utah, California","Arizona, California, Nevada, Utah",
Senticolis triaspis,"Arizona, New Mexico","Quintana Roo, Tamaulipas, Sinaloa, Durango, Chihuahua, Veracruz, Sonora, Oaxaca, Guerrero, Tabasco, Nayarit, Hidalgo, New Mexico,Nuevo LeÃ³n, Jalisco, Campeche, Puebla, Guanajuato, Chiapas, Arizona, Morelos, Aguascalientes","Arizona, New Mexico",
Sistrurus catenatus,"Illinois, Indiana, Iowa, Michigan, Minnesota, Missouri, New York, Ohio, Pennsylvania, West Virginia, Wisconsin, Great Lakes, Ontario","Ohio, Ontario, Iowa, New York, Wisconsin, Illinois, Pennsylvania, Tamaulipas, Texas, New Mexico, Arizona,Nuevo LeÃ³n, Colorado, Indiana, Nebraska, Coahuila, Missouri","Illinois, Indiana, Iowa, Missouri, New York, Ohio, Pennsylvania, Wisconsin, Ontario","Michigan, Minnesota, West Virginia, Great Lakes"
Sistrurus miliarius,"Alabama, Arkansas, Florida, Georgia, Kentucky, Louisiana, Mississippi, Missouri, North Carolina, Oklahoma, South Carolina, Tennessee, Texas","Georgia, South Carolina, Arkansas, Texas, Tennessee, Louisiana, Alabama, Oklahoma, North Carolina, Florida, Mississippi, Missouri","Alabama, Arkansas, Florida, Georgia, Louisiana, Mississippi, Missouri, North Carolina, Oklahoma, South Carolina, Tennessee, Texas",Kentucky
Sistrurus tergeminus,"Arizona, Colorado, Iowa, Kansas, Missouri, Nebraska, New Mexico, Oklahoma, Texas","Iowa, Tamaulipas, Texas, New Mexico,Nuevo LeÃ³n, Arizona, Chihuahua, Oklahoma, Coahuila, Mississippi","Arizona, Iowa, New Mexico, Oklahoma, Texas","Colorado, Kansas, Missouri, Nebraska"
Sonora episcopa,"Arkansas, Colorado, Kansas, Missouri, New Mexico, Oklahoma, Texas","Arkansas, Texas, New Mexico, Colorado, Oklahoma, Coahuila, Kansas, Missouri","Arkansas, Colorado, Kansas, Missouri, New Mexico, Oklahoma, Texas",
Sonora occipitalis,"Arizona, California, Nevada","Baja California, Arizona, Sonora, Nevada, California","Arizona, California, Nevada",
Sonora palarostris,Arizona,"Arizona, Sonora",Arizona,
Sonora semiannulata,"Arizona, California, Idaho, Nevada, New Mexico, Oregon, Texas, Utah","Tamaulipas, Arkansas, Baja California, Arizona, New Mexico, Texas, Sonora, Colorado, Nevada, Durango, Chihuahua, Oklahoma, Utah, California, Coahuila, Kansas, Missouri","Arizona, California, Nevada, New Mexico, Texas, Utah","Idaho, Oregon"
Sonora taylori,Texas,"Texas, Tamaulipas",Texas,
Storeria dekayi,"Alabama, Arkansas, Connecticut, Delaware, District of Columbia, Florida, Georgia, Illinois, Indiana, Iowa, Kansas, Kentucky, Louisiana, Maine, Maryland, Massachusetts, Michigan, Minnesota, Mississippi, Missouri, Nebraska, New Hampshire, New Jersey, New York, North Carolina, Ohio, Oklahoma, Pennsylvania, Rhode Island, South Carolina, South Dakota, Tennessee, Texas, Vermont, Virginia, West Virginia, Wisconsin, Quebec, Great Lakes, Ontario","West Virginia, Iowa, Arkansas, Wisconsin, Tamaulipas, Pennsylvania, Texas, Tennessee, Indiana, Veracruz, New Jersey,QuerÃ©taro, Missouri, Rhode Island, Kentucky, Vermont, Louisiana, Minnesota, Virginia, Massachusetts, North Carolina, Michigan, Florida, Connecticut, Ohio, Georgia, South Carolina, Maryland, New York, Hidalgo,Nuevo LeÃ³n, Quebec, Alabama, Maine, Mississippi, San Luis PotosÃ­Â­, Puebla, Ontario, Delaware, Illinois, Guanajuato, Chiapas, Nebraska, Oklahoma, New Hampshire, New Brunswick, Kansas","Alabama, Arkansas, Connecticut, Delaware, Florida, Georgia, Illinois, Indiana, Iowa, Kansas, Kentucky, Louisiana, Maine, Maryland, Massachusetts, Michigan, Minnesota, Mississippi, Missouri, Nebraska, New Hampshire, New Jersey, New York, North Carolina, Ohio, Oklahoma, Pennsylvania, Rhode Island, South Carolina, South, Tennessee, Texas, Vermont, Virginia, West Virginia, Wisconsin, Quebec, Ontario","District of Columbia, Dakota, Great Lakes"
Storeria occipitomaculata,"Alabama, Arkansas, Connecticut, Delaware, District of Columbia, Florida, Georgia, Illinois, Indiana, Iowa, Kansas, Kentucky, Louisiana, Maine, Maryland, Massachusetts, Michigan, Minnesota, Mississippi, Missouri, Nebraska, New Hampshire, New Jersey, New York, North Carolina, North Dakota, Ohio, Oklahoma, Pennsylvania, Rhode Island, South Carolina, South Dakota, Tennessee, Texas, Vermont, Virginia, West Virginia, Wisconsin, Wyoming, Nova Scotia, New Brunswick, Quebec, Manitoba, Saskatchewan, Prince Edward Island, Great Lakes, Ontario","West Virginia, Iowa, Arkansas, Wisconsin, Pennsylvania, Texas, Tennessee, Indiana, New Jersey, Missouri, Kentucky, Vermont, South Dakota, Manitoba, Minnesota, Louisiana, Virginia, Massachusetts, North Carolina, Michigan, Florida, Connecticut, Ohio, Georgia, South Carolina, Maryland, Saskatchewan, New York, Quebec, Alabama, Maine, North Dakota, Mississippi, Ontario, Delaware, Illinois, Nebraska, Nova Scotia, Prince Edward Island, Oklahoma, New Hampshire, Kansas","Alabama, Arkansas, Connecticut, Delaware, Florida, Georgia, Illinois, Indiana, Iowa, Kansas, Kentucky, Louisiana, Maine, Maryland, Massachusetts, Michigan, Minnesota, Mississippi, Missouri, Nebraska, New Hampshire, New Jersey, New York, North Carolina, North Dakota, Ohio, Oklahoma, Pennsylvania, Island, South Carolina, South Dakota, Tennessee, Texas, Vermont, Virginia, West Virginia, Wisconsin, Nova Scotia, Quebec, Manitoba, Saskatchewan, Prince Edward Island, Ontario","District of Columbia, Rhode Island, Wyoming, New Brunswick, Great Lakes"
Storeria victa,"Florida, Georgia",Florida,Florida,Georgia
Tantilla atriceps,Texas,"Tamaulipas, Texas, Durango, Chihuahua, Zacatecas, Coahuila",Texas,
Tantilla coronata,"Alabama, Florida, Georgia, Illinois, Indiana, Kentucky, Louisiana, Mississippi, North Carolina, South Carolina, Tennessee, Virginia","Georgia, Kentucky, South Carolina, Tennessee, Louisiana, Indiana, Virginia, Alabama, North Carolina, Florida, Mississippi","Alabama, Florida, Georgia, Indiana, Kentucky, Louisiana, Mississippi, North Carolina, South Carolina, Tennessee, Virginia",Illinois
Tantilla cucullata,Texas,"Coahuila, Texas, Chihuahua",Texas,
Tantilla gracilis,"Arkansas, Illinois, Kansas, Louisiana, Missouri, Oklahoma, Texas","Arkansas, Illinois, Texas, Louisiana, Oklahoma, Coahuila, Kansas, Missouri","Arkansas, Illinois, Kansas, Louisiana, Missouri, Oklahoma, Texas",
Tantilla hobartsmithi,"Arizona, California, Colorado, Nevada, New Mexico, Texas, Utah","New Mexico, Arizona, Nevada, Texas, Colorado, Sonora,Nuevo LeÃ³n, Chihuahua, Utah, California, Coahuila","Arizona, California, Colorado, Nevada, New Mexico, Texas, Utah",
Tantilla nigriceps,"Arizona, Colorado, Kansas, Nebraska, New Mexico, Oklahoma, Texas, Wyoming","Tamaulipas, Texas, Nebraska, New Mexico, Arizona, Colorado, Wyoming, Durango, Chihuahua, Oklahoma, Coahuila, Kansas","Arizona, Colorado, Kansas, Nebraska, New Mexico, Oklahoma, Texas, Wyoming",
Tantilla oolitica,Florida,Florida,Florida,
Tantilla planiceps,California,"Baja California, California",California,
Tantilla relicta,"Florida, Georgia","Georgia, Florida","Florida, Georgia",
Tantilla wilcoxi,"Arizona, New Mexico","Tamaulipas, New Mexico, Arizona, Sonora, Sinaloa, Jalisco, Durango, Chihuahua, Zacatecas, Coahuila, Aguascalientes","Arizona, New Mexico",
Tantilla yaquia,"Arizona, New Mexico","New Mexico, Arizona, Sonora, Sinaloa, Chihuahua, Nayarit","Arizona, New Mexico",
Thamnophis atratus,"California, Oregon","California, Oregon","California, Oregon",
Thamnophis brachystoma,"New York, Ohio, Pennsylvania","Michigan, Pennsylvania, New York","New York, Pennsylvania",Ohio
Thamnophis butleri,"Illinois, Indiana, Michigan, Ohio, Wisconsin, Great Lakes, Ontario","Ohio, Ontario, Wisconsin, Indiana, Michigan","Indiana, Michigan, Ohio, Wisconsin, Ontario","Illinois, Great Lakes"
Thamnophis couchii,"California, Nevada","Oregon, California",California,Nevada
Thamnophis cyrtopsis,"Arizona, Colorado, New Mexico, Oklahoma, Texas, Utah","Tamaulipas, Texas, Sinaloa, Durango, Chihuahua, Veracruz, Oaxaca, Guerrero, Sonora, Nayarit, Hidalgo, New Mexico,Nuevo LeÃ³n, Jalisco, Colorado, Utah, Coahuila, Puebla, San Luis PotosÃ­Â­, Guanajuato, Chiapas, Arizona, Morelos, Aguascalientes","Arizona, Colorado, New Mexico, Texas, Utah",Oklahoma
Thamnophis elegans,"Arizona, California, Colorado, Idaho, Montana, Nebraska, Nevada, New Mexico, Oklahoma, Oregon, South Dakota, Texas, Utah, Washington, Wyoming, Saskatchewan, Alberta, British Columbia","California, Saskatchewan, Washington, Baja California, Alberta, Nebraska, Arizona, New Mexico, Nevada, Colorado, British Columbia, Chihuahua, Montana, Utah, Oregon","Arizona, California, Colorado, Montana, Nebraska, Nevada, New Mexico, Oregon, Utah, Washington, Saskatchewan, Alberta, British Columbia","Idaho, Oklahoma, South Dakota, Texas, Wyoming"
Thamnophis eques,"Arizona, New Mexico","Durango, Chihuahua, Veracruz, Sonora, Oaxaca, Guerrero, Nayarit, MichoacÃ¡n, Hidalgo, New Mexico,Nuevo LeÃ³n, Jalisco, Puebla, San Luis PotosÃ­Â­, Guanajuato, Tlaxcala, Arizona, Morelos, Aguascalientes","Arizona, New Mexico",
Thamnophis gigas,California,California,California,
Thamnophis hammondii,California,"Baja California, California",California,
Thamnophis marcianus,"Arizona, California, Colorado, Kansas, New Mexico, Oklahoma, Texas","Quintana Roo, Tamaulipas, Arkansas, Texas, Durango, Chihuahua, Veracruz, Sonora, Oaxaca, Hidalgo, Baja California, New Mexico,Nuevo LeÃ³n, Campeche, Coahuila, San Luis PotosÃ­Â­, Chiapas, Arizona, Oklahoma, California, Kansas","Arizona, California, Kansas, New Mexico, Oklahoma, Texas",Colorado
Thamnophis ordinoides,"California, Oregon, Washington, British Columbia","California, Washington, British Columbia, Oregon, Alaska","California, Oregon, Washington, British Columbia",
Thamnophis proximus,"Arkansas, Colorado, Illinois, Indiana, Iowa, Kansas, Kentucky, Louisiana, Minnesota, Mississippi, Missouri, Nebraska, New Mexico, Oklahoma, South Dakota, Tennessee, Texas, Wisconsin","Quintana Roo, Iowa, Wisconsin, Tamaulipas, Arkansas, Texas, Tennessee, Indiana, Veracruz, Missouri, Oaxaca, Guerrero, Louisiana, Hidalgo, New Mexico,Nuevo LeÃ³n, Colorado, Campeche, Coahuila, Mississippi, San Luis PotosÃ­Â­, Puebla, Illinois, Chiapas, Nebraska, Oklahoma, Kansas","Arkansas, Colorado, Illinois, Indiana, Iowa, Kansas, Louisiana, Mississippi, Missouri, Nebraska, New Mexico, Oklahoma, Tennessee, Texas, Wisconsin","Kentucky, Minnesota, South Dakota"
Thamnophis radix,"Colorado, Illinois, Indiana, Iowa, Kansas, Minnesota, Missouri, Montana, Nebraska, New Mexico, North Dakota, Ohio, Oklahoma, South Dakota, Texas, Wisconsin, Wyoming, Manitoba, Saskatchewan, Alberta","Iowa, Wisconsin, Arkansas, Alberta, Texas, Wyoming, Indiana, Missouri, South Dakota, Manitoba, Minnesota, Saskatchewan, New Mexico, Colorado, Montana, North Dakota, Illinois, Nebraska, Oklahoma, Kansas","Colorado, Illinois, Indiana, Iowa, Kansas, Minnesota, Missouri, Montana, Nebraska, New Mexico, North Dakota, Oklahoma, South Dakota, Texas, Wisconsin, Wyoming, Manitoba, Saskatchewan, Alberta",Ohio
Thamnophis rufipunctatus,"Arizona, New Mexico","New Mexico, Arizona, Sonora, Durango, Chihuahua, Coahuila","Arizona, New Mexico",
Thamnophis saurita,"Alabama, Connecticut, Delaware, District of Columbia, Florida, Georgia, Illinois, Indiana, Kentucky, Louisiana, Maine, Maryland, Massachusetts, Michigan, Mississippi, Missouri, New Hampshire, New Jersey, New York, North Carolina, Ohio, Pennsylvania, Rhode Island, South Carolina, Tennessee, Vermont, Virginia, West Virginia, Wisconsin, Nova Scotia, Quebec, Great Lakes, Ontario","West Virginia, Wisconsin, Pennsylvania, Tennessee, Indiana, New Jersey, Kentucky, Vermont, Louisiana, Virginia, Massachusetts, North Carolina, Michigan, Florida, Connecticut, Ohio, Georgia, South Carolina, Maryland, New York, Quebec, Alabama, Maine, Mississippi, Ontario, Delaware, Illinois, Nova Scotia, New Hampshire","Alabama, Connecticut, Delaware, Florida, Georgia, Illinois, Indiana, Kentucky, Louisiana, Maine, Maryland, Massachusetts, Michigan, Mississippi, New Hampshire, New Jersey, New York, North Carolina, Ohio, Pennsylvania, South Carolina, Tennessee, Vermont, Virginia, West Virginia, Wisconsin, Nova Scotia, Quebec, Ontario","District of Columbia, Missouri, Rhode Island, Great Lakes"
Thamnophis sirtalis,"Alabama, Alaska, Arkansas, California, Colorado, Connecticut, Delaware, District of Columbia, Florida, Georgia, Idaho, Illinois, Indiana, Iowa, Kansas, Kentucky, Louisiana, Maine, Maryland, Massachusetts, Michigan, Minnesota, Mississippi, Missouri, Montana, Nebraska, Nevada, New Hampshire, New Jersey, New Mexico, New York, North Carolina, North Dakota, Ohio, Oklahoma, Oregon, Pennsylvania, Rhode Island, South Carolina, South Dakota, Tennessee, Texas, Utah, Vermont, Virginia, Washington, West Virginia, Wisconsin, Wyoming, Nova Scotia, New Brunswick, Quebec, Manitoba, Saskatchewan, Alberta, British Columbia, Prince Edward Island, Great Lakes, Ontario, Northwest Territories","West Virginia, Iowa, Arkansas, Wisconsin, Alberta, Pennsylvania, Tamaulipas, Texas, Tennessee, Wyoming, Indiana, Chihuahua, New Jersey, Oregon, Missouri, Rhode Island, Kentucky, Washington, Vermont, South Dakota, Northwest Territories, Manitoba, Louisiana, Massachusetts, Minnesota, Virginia, North Carolina, Michigan, Florida, Connecticut, Ohio, Georgia, South Carolina, Maryland, Saskatchewan, New York, New Mexico, Colorado, Quebec, Alabama, Maine, Montana, Utah, Coahuila, Mississippi, Ontario, Delaware, Illinois, Nebraska, Nevada, Nova Scotia, Morelos, Prince Edward Island, Oklahoma, New Hampshire, California, Idaho, New Brunswick, Kansas","Alabama, Arkansas, California, Colorado, Connecticut, Delaware, Florida, Georgia, Idaho, Illinois, Indiana, Iowa, Kansas, Kentucky, Louisiana, Maine, Maryland, Massachusetts, Michigan, Minnesota, Mississippi, Missouri, Montana, Nebraska, Nevada, New Hampshire, New Jersey, New Mexico, New York, North Carolina, North Dakota, Ohio, Oklahoma, Oregon, Pennsylvania, Rhode Island, South Carolina, South Dakota, Tennessee, Texas, Utah, Vermont, Virginia, Washington, West Virginia, Wisconsin, Wyoming, Nova Scotia, New Brunswick, Quebec, Manitoba, Saskatchewan, Alberta, Prince Edward Island, Ontario, Northwest, Territories","Alaska, District of Columbia, British Columbia, Great Lakes"
Trimorphodon lambda,"Arizona, California, Nevada, New Mexico, Utah","Arizona, Sonora, Nevada, New Mexico, Chihuahua, Utah, California","Arizona, California, Nevada, New Mexico, Utah",
Trimorphodon lyrophanes,California,"Baja California, California",California,
Trimorphodon vilkinsonii,"New Mexico, Texas","New Mexico, Texas, Chihuahua, Coahuila","New Mexico, Texas",
Tropidoclonion lineatum,"Colorado, Illinois, Iowa, Kansas, Minnesota, Missouri, Nebraska, New Mexico, Oklahoma, South Dakota, Texas","Iowa, Arkansas, Illinois, Texas, Nebraska, New Mexico, Colorado, Oklahoma, Kansas","Colorado, Illinois, Iowa, Kansas, Nebraska, New Mexico, Oklahoma, Texas","Minnesota, Missouri, South Dakota"
Virginia valeriae,"Alabama, Arkansas, Delaware, District of Columbia, Florida, Georgia, Illinois, Indiana, Iowa, Kansas, Kentucky, Louisiana, Maryland, Mississippi, Missouri, New Jersey, New York, North Carolina, Ohio, Oklahoma, Pennsylvania, South Carolina, Tennessee, Texas, Virginia, West Virginia","West Virginia, Iowa, Arkansas, Pennsylvania, Texas, Tennessee, Indiana, New Jersey, Missouri, Kentucky, Louisiana, Virginia, North Carolina, Florida, Ohio, Georgia, South Carolina, Maryland, Alabama, Mississippi, Delaware, Illinois, Oklahoma, Kansas","Alabama, Arkansas, Delaware, Florida, Georgia, Illinois, Indiana, Iowa, Kansas, Kentucky, Louisiana, Maryland, Mississippi, Missouri, New Jersey,  North Carolina, Ohio, Oklahoma, Pennsylvania, South Carolina, Tennessee, Texas, Virginia, West Virginia","District of Columbia, New York"
